{
  "cnn": {
    "accuracy": 0.8235294117647058,
    "precision_macro": 0.9020833333333333,
    "recall_macro": 0.7694444444444445,
    "f1_macro": 0.8108031674208145,
    "f1_per_class": {
      "0": 0.8461538461538461,
      "1": 0.8235294117647058,
      "2": 0.8235294117647058,
      "3": 0.75
    },
    "class_report": {
      "正常(0)": {
        "precision": 0.7333333333333333,
        "recall": 1.0,
        "f1-score": 0.8461538461538461,
        "support": 22.0
      },
      "警告(1)": {
        "precision": 0.875,
        "recall": 0.7777777777777778,
        "f1-score": 0.8235294117647058,
        "support": 9.0
      },
      "危险(2)": {
        "precision": 1.0,
        "recall": 0.7,
        "f1-score": 0.8235294117647058,
        "support": 10.0
      },
      "严重(3)": {
        "precision": 1.0,
        "recall": 0.6,
        "f1-score": 0.75,
        "support": 10.0
      },
      "accuracy": 0.8235294117647058,
      "macro avg": {
        "precision": 0.9020833333333333,
        "recall": 0.7694444444444445,
        "f1-score": 0.8108031674208145,
        "support": 51.0
      },
      "weighted avg": {
        "precision": 0.8629084967320262,
        "recall": 0.8235294117647058,
        "f1-score": 0.8188714399787064,
        "support": 51.0
      }
    }
  },
  "rule_based": {
    "accuracy": 0.43137254901960786,
    "precision_macro": 0.10784313725490197,
    "recall_macro": 0.25,
    "f1_macro": 0.1506849315068493,
    "f1_per_class": {
      "0": 0.6027397260273972,
      "1": 0.0,
      "2": 0.0,
      "3": 0.0
    },
    "class_report": {
      "正常(0)": {
        "precision": 0.43137254901960786,
        "recall": 1.0,
        "f1-score": 0.6027397260273972,
        "support": 22.0
      },
      "警告(1)": {
        "precision": 0.0,
        "recall": 0.0,
        "f1-score": 0.0,
        "support": 9.0
      },
      "危险(2)": {
        "precision": 0.0,
        "recall": 0.0,
        "f1-score": 0.0,
        "support": 10.0
      },
      "严重(3)": {
        "precision": 0.0,
        "recall": 0.0,
        "f1-score": 0.0,
        "support": 10.0
      },
      "accuracy": 0.43137254901960786,
      "macro avg": {
        "precision": 0.10784313725490197,
        "recall": 0.25,
        "f1-score": 0.1506849315068493,
        "support": 51.0
      },
      "weighted avg": {
        "precision": 0.18608227604767397,
        "recall": 0.43137254901960786,
        "f1-score": 0.26000537201181845,
        "support": 51.0
      }
    }
  },
  "comparison": {
    "accuracy_delta": 0.392156862745098,
    "f1_macro_delta": 0.6601182359139652,
    "test_samples": 51
  },
  "label_distribution": {
    "0": 22,
    "1": 9,
    "2": 10,
    "3": 10
  }
}